Tipo de Consecutivo,Orden de Produccion,Producto,Nombre Producto,Tipo de Pedido,Consecutivo del Pedido,Orden Cliente,Material,NombreMaterial,Cliente,Codigo Estado OP,Nombre Estado,Proceso1
FBREP,107,PD0001920,CDNA ELEV FB 26200-G4-C2-P200,PV01,24629,4500607341:,PD0001920A,PTNA INT 10X64.5X284,890100251 - CEMENTOS ARGOS S.A.,FI,Finalizada,PD0001920
FBREP,107,PD0001920,CDNA ELEV FB 26200-G4-C2-P200,PV01,24629,4500607341:,PD0001920B,PTNA PIN 10X64.5X284,890100251 - CEMENTOS ARGOS S.A.,FI,Finalizada,PD0001920
FBREP,107,PD0001920,CDNA ELEV FB 26200-G4-C2-P200,PV01,24629,4500607341:,PD0001920C,PTNA CAB ADIT 10X120X284,890100251 - CEMENTOS ARGOS S.A.,FI,Finalizada,PD0001920
FBREP,107,PD0001920,CDNA ELEV FB 26200-G4-C2-P200,PV01,24629,4500607341:,PD0001920D,BUJE ØE34.05XØI24.55X77,890100251 - CEMENTOS ARGOS S.A.,FI,Finalizada,PD0001920
FBREP,107,PD0001920,CDNA ELEV FB 26200-G4-C2-P200,PV01,24629,4500607341:,PD0001920E,PASADOR 28X25.05X120.2 CP/PER,890100251 - CEMENTOS ARGOS S.A.,FI,Finalizada,PD0001920
FBREP,107,PD0001920,CDNA ELEV FB 26200-G4-C2-P200,PV01,24629,4500607341:,PD0001920F,RODILLO ØE50.85XØI34.55X56.2,890100251 - CEMENTOS ARGOS S.A.,FI,Finalizada,PD0001920
FBREP,107,PD0001920,CDNA ELEV FB 26200-G4-C2-P200,PV01,24629,4500607341:,PI000100,PIN PARAGUAS 1/4x1 1/2 1020 REMACHE RDO,890100251 - CEMENTOS ARGOS S.A.,FI,Finalizada,PD0001920
FBREP,108,PD0001920A,PTNA INT 10X64.5X284,PV01,24629,4500607341:,MP000844,SSN LAM 10,890100251 - CEMENTOS ARGOS S.A.,FI,Finalizada,PD0001920A
FBREP,109,PD0001920B,PTNA PIN 10X64.5X284,PV01,24629,4500607341:,MP000844,SSN LAM 10,890100251 - CEMENTOS ARGOS S.A.,FI,Finalizada,PD0001920B
FBREP,110,PD0001920C,PTNA CAB ADIT 10X120X284,PV01,24629,4500607341:,MP000844,SSN LAM 10,890100251 - CEMENTOS ARGOS S.A.,FI,Finalizada,PD0001920C
FBREP,111,PD0001920D,BUJE ØE34.05XØI24.55X77,PV01,24629,4500607341:,MP000204,"8620 RDO 34,9 (1 3/8) ",890100251 - CEMENTOS ARGOS S.A.,FI,Finalizada,PD0001920D
FBREP,112,PD0001920E,PASADOR 28X25.05X120.2 CP/PER,PV01,24629,4500607341:,MP000132,"4140 RDO 28,5 (1 1/8)",890100251 - CEMENTOS ARGOS S.A.,FI,Finalizada,PD0001920E
FBREP,113,PD0001920F,RODILLO ØE50.85XØI34.55X56.2,PV01,24629,4500607341:,MP000213,"4140 RDO 57,15 (2 1/4)",890100251 - CEMENTOS ARGOS S.A.,FI,Finalizada,PD0001920F
FBREP,114,PD0001616,CADENA  9960 ADIT-M42 P250,PV01,24559,FB71,PI000454,PIN PARAGUAS 3/8x2 1020,890906407 - FORJAS BOLIVAR S.A.S..,FI,Finalizada,PD001616
FBREP,114,PD0001616,CADENA  9960 ADIT-M42 P250,PV01,24559,FB71,PD0001616A,PTNA INT 12X70X330,890906407 - FORJAS BOLIVAR S.A.S..,FI,Finalizada,PD001616
FBREP,114,PD0001616,CADENA  9960 ADIT-M42 P250,PV01,24559,FB71,PD0001616B,PTNA EXT CAB 12X70X330,890906407 - FORJAS BOLIVAR S.A.S..,FI,Finalizada,PD001616
FBREP,114,PD0001616,CADENA  9960 ADIT-M42 P250,PV01,24559,FB71,PD0001616C,PTNA EXT ADIT-M42 12X191X330,890906407 - FORJAS BOLIVAR S.A.S..,FI,Finalizada,PD001616
FBREP,114,PD0001616,CADENA  9960 ADIT-M42 P250,PV01,24559,FB71,PD0001616D,PASADOR 31.75X29.15X130 PERF,890906407 - FORJAS BOLIVAR S.A.S..,FI,Finalizada,PD001616
FBREP,114,PD0001616,CADENA  9960 ADIT-M42 P250,PV01,24559,FB71,PD0001616E,BUJE ØE38.15XØ28.6X78.65,890906407 - FORJAS BOLIVAR S.A.S..,FI,Finalizada,PD001616
FBREP,114,PD0001616,CADENA  9960 ADIT-M42 P250,PV01,24559,FB71,PD0001616F,RODILLO ØE80.5XØI38.65X53.1,890906407 - FORJAS BOLIVAR S.A.S..,FI,Finalizada,PD001616
FBREP,115,PD0001616A,PTNA INT 12X70X330,PV01,24559,FB71,MP000527,1050 LAM 12,890906407 - FORJAS BOLIVAR S.A.S..,FI,Finalizada,PD0001616A
FBREP,117,PD0001616C,PTNA EXT ADIT-M42 12X191X330,PV01,24559,FB71,MP000527,1050 LAM 12,890906407 - FORJAS BOLIVAR S.A.S..,FI,Finalizada,PD0001616C
FBREP,118,PD0001616D,PASADOR 31.75X29.15X130 PERF,PV01,24559,FB71,MP000135,"4140 RDO 31,75 (1 1/4)",890906407 - FORJAS BOLIVAR S.A.S..,FI,Finalizada,PD0001616D
FBREP,119,PD0001616E,BUJE ØE38.15XØ28.6X78.65,PV01,24559,FB71,MP000795,"8620 RDO 39,69",890906407 - FORJAS BOLIVAR S.A.S..,FI,Finalizada,PD0001616E
FBREP,120,PD0001616F,RODILLO ØE80.5XØI38.65X53.1,PV01,24559,FB71,MP000845,"4140 RDO 82,55 (3 1/4)",890906407 - FORJAS BOLIVAR S.A.S..,FI,Finalizada,PD0001616F
FBREP,148,00004196,ESLABON CIERRE 10X67X201 90°,PV01,25353,12-644::,MP000526,1050 LAM 10,900657956 - MOLIENDA DE LA SABANA S.A.S,FI,Finalizada,00004196
FBREP,149,00004195,ESL. EXT CDNA  FBU-01-P140,PV01,25353,12-644::,00004195A,PTNA ADIT 10X67X201 90°,900657956 - MOLIENDA DE LA SABANA S.A.S,FI,Finalizada,00004195
FBREP,149,00004195,ESL. EXT CDNA  FBU-01-P140,PV01,25353,12-644::,00004195B,PASADOR 22X101 ,900657956 - MOLIENDA DE LA SABANA S.A.S,FI,Finalizada,00004195
FBREP,150,PD0001061D,PTNA  CAB  ADIT 10X44.95X148 -90°,PV01,25363,PB000609:,MP000526,1050 LAM 10,860020439 - MONOMEROS COLOMBO VENEZOLANOS S A EMA ,FI,Finalizada,PD0001061D
FBREP,150,PD0001061D,PTNA  CAB  ADIT 10X44.95X148 -90°,PV01,25363,PB000609:,PI000055,PIN PARAGUAS 3/16x1 1020,860020439 - MONOMEROS COLOMBO VENEZOLANOS S A EMA ,FI,Finalizada,PD0001061D
FBREP,151,PD0001635E,ENS. PASO INTERNO FB-984 PASO 7 ADIT. K443,PV01,25379,8400002874::,PD0001635A,BUJE ØE63.55XØI35.66X127.3 ,CAP821208LQ3 - HOLCIM MEXICO OPERACIONES S.A. DE C.V,FI,Finalizada,PD0001635E
FBREP,151,PD0001635E,ENS. PASO INTERNO FB-984 PASO 7 ADIT. K443,PV01,25379,8400002874::,PD0001635C,PTNA INT 16X101.6X300,CAP821208LQ3 - HOLCIM MEXICO OPERACIONES S.A. DE C.V,FI,Finalizada,PD0001635E
FBREP,152,PD0001635A,BUJE ØE63.55XØI35.66X127.3 ,PV01,25379,8400002874::,MP000565,"8620 RDO 66.68 (2 5/8"") ",CAP821208LQ3 - HOLCIM MEXICO OPERACIONES S.A. DE C.V,FI,Finalizada,PD0001635A
FBREP,153,PD0001635C,PTNA INT 16X101.6X300,PV01,25379,8400002874::,MP000528,1050 LAM 16,CAP821208LQ3 - HOLCIM MEXICO OPERACIONES S.A. DE C.V,FI,Finalizada,PD0001635C
FBREP,155,PD0001635F,PIN PARAGUAS 1/4X2,PV01,25379,8400002874::,PI000168,PIN PARAGUAS 1/4x2 1020,CAP821208LQ3 - HOLCIM MEXICO OPERACIONES S.A. DE C.V,FI,Finalizada,PD0001635F
FBREP,157,PD0001788H,ENS. PASO INTERNO FB-994 PASO 7 ADIT. K443,PV01,25438,8400003161:,PD0001788C,PTNA INT 16X101.6X296,CAP821208LQ3 - HOLCIM MEXICO OPERACIONES S.A. DE C.V,FI,Finalizada,PD0001788H
FBREP,157,PD0001788H,ENS. PASO INTERNO FB-994 PASO 7 ADIT. K443,PV01,25438,8400003161:,PD0001788E,BUJE ØE63.5XØI40.75X140.5 EC,CAP821208LQ3 - HOLCIM MEXICO OPERACIONES S.A. DE C.V,FI,Finalizada,PD0001788H
FBREP,157,PD0001788H,ENS. PASO INTERNO FB-994 PASO 7 ADIT. K443,PV01,25438,8400003161:,PI002375,SELLO RETENEDOR VITON ØE73.55XØI63.4X5,CAP821208LQ3 - HOLCIM MEXICO OPERACIONES S.A. DE C.V,FI,Finalizada,PD0001788H
FBREP,157,PD0001788H,ENS. PASO INTERNO FB-994 PASO 7 ADIT. K443,PV01,25438,8400003161:,PD0001788F,SELLO ARAN ØE78.5XØI56.05X6,CAP821208LQ3 - HOLCIM MEXICO OPERACIONES S.A. DE C.V,FI,Finalizada,PD0001788H
FBREP,158,PD0001788C,PTNA INT 16X101.6X296,PV01,25438,8400003161:,MP000528,1050 LAM 16,CAP821208LQ3 - HOLCIM MEXICO OPERACIONES S.A. DE C.V,FI,Finalizada,PD0001788C
FBREP,159,PD0001788E,BUJE ØE63.5XØI40.75X140.5 EC,PV01,25438,8400003161: ,MP000565,"8620 RDO 66.68 (2 5/8"") ",CAP821208LQ3 - HOLCIM MEXICO OPERACIONES S.A. DE C.V,FI,Finalizada,PD0001788E
FBREP,161,PD0001788F,SELLO ARAN ØE78.5XØI56.05X6,PV01,25438,8400003161:,MP000520,"8620 RDO 88,9 (3 1/2)",CAP821208LQ3 - HOLCIM MEXICO OPERACIONES S.A. DE C.V,FI,Finalizada,PD0001788F
FBREP,162,PD0001788D,PASADOR 44.45X41.15X198.7 PERF,PV01,25438,8400003161:,MP000203,"4140 RDO 44,45 (1 3/4)",CAP821208LQ3 - HOLCIM MEXICO OPERACIONES S.A. DE C.V,FI,Finalizada,PD0001788D
FBREP,164,30301439C,PASADOR 28.5X26X150 PERF,PV01,25443,8400002873:,MP000132,"4140 RDO 28,5 (1 1/8)",CAP821208LQ3 - HOLCIM MEXICO OPERACIONES S.A. DE C.V,FI,Finalizada,30301439C
FBREP,165,30301439E,PIN PARAGUAS 1/4X2,PV01,25443,8400002873:,PI000168,PIN PARAGUAS 1/4x2 1020,CAP821208LQ3 - HOLCIM MEXICO OPERACIONES S.A. DE C.V,FI,Finalizada,30301439E
FBREP,168,PD0001788H,ENS. PASO INTERNO FB-994 PASO 7 ADIT. K443,PV01,25470,8400003161;,PD0001788C,PTNA INT 16X101.6X296,CAP821208LQ3 - HOLCIM MEXICO OPERACIONES S.A. DE C.V,FI,Finalizada,PD0001788H
FBREP,168,PD0001788H,ENS. PASO INTERNO FB-994 PASO 7 ADIT. K443,PV01,25470,8400003161;,PD0001788E,BUJE ØE63.5XØI40.75X140.5 EC,CAP821208LQ3 - HOLCIM MEXICO OPERACIONES S.A. DE C.V,FI,Finalizada,PD0001788H
FBREP,168,PD0001788H,ENS. PASO INTERNO FB-994 PASO 7 ADIT. K443,PV01,25470,8400003161;,PI002375,SELLO RETENEDOR VITON ØE73.55XØI63.4X5,CAP821208LQ3 - HOLCIM MEXICO OPERACIONES S.A. DE C.V,FI,Finalizada,PD0001788H
FBREP,168,PD0001788H,ENS. PASO INTERNO FB-994 PASO 7 ADIT. K443,PV01,25470,8400003161;,PD0001788F,SELLO ARAN ØE78.5XØI56.05X6,CAP821208LQ3 - HOLCIM MEXICO OPERACIONES S.A. DE C.V,FI,Finalizada,PD0001788H
FBREP,169,PD0001788C,PTNA INT 16X101.6X296,PV01,25470,8400003161;,MP000528,1050 LAM 16,CAP821208LQ3 - HOLCIM MEXICO OPERACIONES S.A. DE C.V,FI,Finalizada,PD0001788C
FBREP,170,PD0001788E,BUJE ØE63.5XØI40.75X140.5 EC,PV01,25470,8400003161;,MP000565,"8620 RDO 66.68 (2 5/8"") ",CAP821208LQ3 - HOLCIM MEXICO OPERACIONES S.A. DE C.V,FI,Finalizada,PD0001788E
FBREP,171,PD0001788F,SELLO ARAN ØE78.5XØI56.05X6,PV01,25470,8400003161;,MP000520,"8620 RDO 88,9 (3 1/2)",CAP821208LQ3 - HOLCIM MEXICO OPERACIONES S.A. DE C.V,FI,Finalizada,PD0001788F
FBREP,172,PD0001788D,PASADOR 44.45X41.15X198.7 PERF,PV01,25470,8400003161;,MP000203,"4140 RDO 44,45 (1 3/4)",CAP821208LQ3 - HOLCIM MEXICO OPERACIONES S.A. DE C.V,FI,Finalizada,PD0001788D
FBREP,174,PD0001635,CDNA FB-984 PASO 7 ADIT. K443,PV01,25646,FB87:,PI001192,PIN PARAGUAS 3/8X2 1/2 1020,890906407 - FORJAS BOLIVAR S.A.S..,FI,Finalizada,PD0001635
FBREP,174,PD0001635,CDNA FB-984 PASO 7 ADIT. K443,PV01,25646,FB87:,1DCI040006,PTNA EXT ADIT 16X122.2X270-90°,890906407 - FORJAS BOLIVAR S.A.S..,FI,Finalizada,PD0001635
FBREP,174,PD0001635,CDNA FB-984 PASO 7 ADIT. K443,PV01,25646,FB87:,1DCI040005,PTNA INT 16X102X300,890906407 - FORJAS BOLIVAR S.A.S..,FI,Finalizada,PD0001635
FBREP,174,PD0001635,CDNA FB-984 PASO 7 ADIT. K443,PV01,25646,FB87:,1DCI020003,BUJE ØE63.5XØI35.5X127.3,890906407 - FORJAS BOLIVAR S.A.S..,FI,Finalizada,PD0001635
FBREP,174,PD0001635,CDNA FB-984 PASO 7 ADIT. K443,PV01,25646,FB87:,1DCI010003,PASADOR 38.1X35.8X187 PERF,890906407 - FORJAS BOLIVAR S.A.S..,FI,Finalizada,PD0001635
FBREP,175,1DCI010003,PASADOR 38.1X35.8X187 PERF,PV01,25646,FB87,MP000172,"4140 RDO 38,1 (1 1/2)",890906407 - FORJAS BOLIVAR S.A.S..,FI,Finalizada,1DCI010003
FBREP,176,1DCI020003,BUJE ØE63.5XØI35.5X127.3,PV01,25646,"FB87, no se inicia porque se esta definiendo proceso",MP000260,"8620 RDO 47,6 (1 7/8)",890906407 - FORJAS BOLIVAR S.A.S..,FI,Finalizada,1DCI020003
FBREP,177,1DCI040005,PTNA INT 16X102X300,PV01,25646,FB87,MP001071,SSS900 LAM 16,890906407 - FORJAS BOLIVAR S.A.S..,FI,Finalizada,1DCI040005
FBREP,178,1DCI040006,PTNA EXT ADIT 16X122.2X270-90°,PV01,25646,FB87,MP000528,1050 LAM 16,890906407 - FORJAS BOLIVAR S.A.S..,FI,Finalizada,1DCI040006
FBREP,227,PD0002129,"CDNA FB-6830-K2-C2 P 6"" ACOD",PV01,26411,4900027863;,30179097B,BUJE ØE28.55XØI19.45X60.2 C/P,860009808 - HOLCIM (COLOMBIA) S.A.,FI,Finalizada,PD0002129
FBREP,227,PD0002129,"CDNA FB-6830-K2-C2 P 6"" ACOD",PV01,26411,4900027863;,30179097C,PTNA CAB 10X57.4X205 ACOD-90°,860009808 - HOLCIM (COLOMBIA) S.A.,FI,Finalizada,PD0002129
FBREP,227,PD0002129,"CDNA FB-6830-K2-C2 P 6"" ACOD",PV01,26411,4900027863;,30179097D,PTNA PIN 10X57.4X205 ACOD-90°,860009808 - HOLCIM (COLOMBIA) S.A.,FI,Finalizada,PD0002129
FBREP,228,30179097B,BUJE ØE28.55XØI19.45X60.2 C/P,PV01,26411,4900027863;,MP000186,"8620 RDO 33,3",860009808 - HOLCIM (COLOMBIA) S.A.,FI,Finalizada,30179097B
FBREP,229,30179097C,PTNA CAB 10X57.4X205 ACOD-90°,PV01,26411,4900027863;,MP001057,ALL 1050 LAM 10,860009808 - HOLCIM (COLOMBIA) S.A.,FI,Finalizada,30179009C
FBREP,230,30179097D,PTNA PIN 10X57.4X205 ACOD-90°,PV01,26411,4900027863;,MP001057,ALL 1050 LAM 10,860009808 - HOLCIM (COLOMBIA) S.A.,FI,Finalizada,30179097D
FBREP,245,1000245028,"CDNA ELEV FB 984-K443-C2-P7""",PV01,26849,4516636931::,1000245028A,BUJE ØE63.5XØI35.6X140.5 EC,860002523 - CEMEX COLOMBIA S.A.,FI,Finalizada,1000245028
FBREP,245,1000245028,"CDNA ELEV FB 984-K443-C2-P7""",PV01,26849,4516636931::,1000245028B,PASADOR 38.1X35.8X199 PERF,860002523 - CEMEX COLOMBIA S.A.,FI,Finalizada,1000245028
FBREP,245,1000245028,"CDNA ELEV FB 984-K443-C2-P7""",PV01,26849,4516636931::,1000245028C,PTNA INT 16X103X301,860002523 - CEMEX COLOMBIA S.A.,FI,Finalizada,1000245028
FBREP,245,1000245028,"CDNA ELEV FB 984-K443-C2-P7""",PV01,26849,4516636931::,1000245028D,PTNA  ADIT 16X122.2X271 90°,860002523 - CEMEX COLOMBIA S.A.,FI,Finalizada,1000245028
FBREP,245,1000245028,"CDNA ELEV FB 984-K443-C2-P7""",PV01,26849,4516636931::,PI002375,SELLO RETENEDOR VITON ØE73.55XØI63.4X5,860002523 - CEMEX COLOMBIA S.A.,FI,Finalizada,1000245028
FBREP,245,1000245028,"CDNA ELEV FB 984-K443-C2-P7""",PV01,26849,4516636931::,1000245028E,ANILLO SELLO ØE78.5XØI56.05X6 ,860002523 - CEMEX COLOMBIA S.A.,FI,Finalizada,1000245028
FBREP,245,1000245028,"CDNA ELEV FB 984-K443-C2-P7""",PV01,26849,4516636931::,1000245028F,PIN PARAGUAS 3/8X2 1/2,860002523 - CEMEX COLOMBIA S.A.,FI,Finalizada,1000245028
FBREP,246,1000245028A,BUJE ØE63.5XØI35.6X140.5 EC,PV01,26849,4516636931::,MP000565,"8620 RDO 66.68 (2 5/8"") ",860002523 - CEMEX COLOMBIA S.A.,FI,Finalizada,PD01923A
FBREP,247,1000245028B,PASADOR 38.1X35.8X199 PERF,PV01,26849,4516636931::,MP000172,"4140 RDO 38,1 (1 1/2)",860002523 - CEMEX COLOMBIA S.A.,FI,Finalizada,PD01923B
FBREP,248,1000245028C,PTNA INT 16X103X301,PV01,26849,4516636931::,MP001071,SSS900 LAM 16,860002523 - CEMEX COLOMBIA S.A.,FI,Finalizada,PD01923C
FBREP,249,1000245028D,PTNA  ADIT 16X122.2X271 90°,PV01,26849,4516636931::,MP000528,1050 LAM 16,860002523 - CEMEX COLOMBIA S.A.,FI,Finalizada,PD01923D
FBREP,250,1000245028E,ANILLO SELLO ØE78.5XØI56.05X6 ,PV01,26849,4516636931::,MP000940,HAX450 LAM 6,860002523 - CEMEX COLOMBIA S.A.,FI,Finalizada,PD01923E
FBREP,251,1000245028F,PIN PARAGUAS 3/8X2 1/2,PV01,26849,4516636931::,PI002212,PIN PARAGUAS 3/8X2 1/2 1020,860002523 - CEMEX COLOMBIA S.A.,FI,Finalizada,PD01923F
FBREP,252,1000245028B,PASADOR 38.1X35.8X199 PERF,PV01,26849,4516636931::,MP000172,"4140 RDO 38,1 (1 1/2)",860002523 - CEMEX COLOMBIA S.A.,FI,Finalizada,PD01923B
FBREP,266,1000245028B,PASADOR 38.1X35.8X199 PERF,PV01,27435,4516636931;,MP000172,"4140 RDO 38,1 (1 1/2)",860002523 - CEMEX COLOMBIA S.A.,FI,Finalizada,PD01923B
FBREP,270,6000036,BUJE FORJADO 56.65X77X85.72,PV01,27745,2000522756,MP000499,"8620 RDO 76,2 (3)",900087414 - RIOPAILA CASTILLA S.A.,FI,Finalizada,6000036
FBREP,271,PD0001788,"CDNA ELEVADOR FB 994-K443-C2-P7""",PV01,27758,8400003161;;;,PI002887,SELLO RETENEDOR VITON 66.3X56.3X5,CAP821208LQ3 - HOLCIM MEXICO OPERACIONES S.A. DE C.V,FI,Finalizada,PD0001788
FBREP,271,PD0001788,"CDNA ELEVADOR FB 994-K443-C2-P7""",PV01,27758,8400003161;;;,PD0001788C,PTNA INT 16X101.6X296,CAP821208LQ3 - HOLCIM MEXICO OPERACIONES S.A. DE C.V,FI,Finalizada,PD0001788
FBREP,271,PD0001788,"CDNA ELEVADOR FB 994-K443-C2-P7""",PV01,27758,8400003161;;;,PD0001788A,PTNA EXT ADIT 16X130X263,CAP821208LQ3 - HOLCIM MEXICO OPERACIONES S.A. DE C.V,FI,Finalizada,PD0001788
FBREP,271,PD0001788,"CDNA ELEVADOR FB 994-K443-C2-P7""",PV01,27758,8400003161;;;,PD0001788D,PASADOR 44.45X41.15X198.7 PERF,CAP821208LQ3 - HOLCIM MEXICO OPERACIONES S.A. DE C.V,FI,Finalizada,PD0001788
FBREP,271,PD0001788,"CDNA ELEVADOR FB 994-K443-C2-P7""",PV01,27758,8400003161;;;,PD0001788E,BUJE ØE63.5XØI40.75X140.5 EC,CAP821208LQ3 - HOLCIM MEXICO OPERACIONES S.A. DE C.V,FI,Finalizada,PD0001788
FBREP,271,PD0001788,"CDNA ELEVADOR FB 994-K443-C2-P7""",PV01,27758,8400003161;;;,PD0001788F,SELLO ARAN ØE78.5XØI56.05X6,CAP821208LQ3 - HOLCIM MEXICO OPERACIONES S.A. DE C.V,FI,Finalizada,PD0001788
FBREP,271,PD0001788,"CDNA ELEVADOR FB 994-K443-C2-P7""",PV01,27758,8400003161;;;,PD0001788G,PIN PARAGUAS ESTIADO 3/8X2 1/2,CAP821208LQ3 - HOLCIM MEXICO OPERACIONES S.A. DE C.V,FI,Finalizada,PD0001788
FBREP,272,PD0001788A,PTNA EXT ADIT 16X130X263,PV01,27758,8400003161;;;,MP000941,HAX450 LAM 16,CAP821208LQ3 - HOLCIM MEXICO OPERACIONES S.A. DE C.V,FI,Finalizada,PD0001788A
FBREP,273,PD0001788C,PTNA INT 16X101.6X296,PV01,27758,8400003161;;;,MP000941,HAX450 LAM 16,CAP821208LQ3 - HOLCIM MEXICO OPERACIONES S.A. DE C.V,FI,Finalizada,PD0001788C
FBREP,274,PD0001788D,PASADOR 44.45X41.15X198.7 PERF,PV01,27758,8400003161;;;,MP000203,"4140 RDO 44,45 (1 3/4)",CAP821208LQ3 - HOLCIM MEXICO OPERACIONES S.A. DE C.V,FI,Finalizada,PD0001788D
FBREP,275,PD0001788E,BUJE ØE63.5XØI40.75X140.5 EC,PV01,27758,8400003161;;;,MP001070,8620 BARRA PERFORADA 71X36,CAP821208LQ3 - HOLCIM MEXICO OPERACIONES S.A. DE C.V,FI,Finalizada,PD0001788E
FBREP,276,PD0001788F,SELLO ARAN ØE78.5XØI56.05X6,PV01,27758,8400003161;;;,MP000940,HAX450 LAM 6,CAP821208LQ3 - HOLCIM MEXICO OPERACIONES S.A. DE C.V,FI,Finalizada,PD0001788F
FBREP,280,PD0002299,"CDNA CONDUCTOR 200P-C6-P6""",PV01,27922,2000508616;;;,PI002508,"CDNA 200P C6 P6""",900087414 - RIOPAILA CASTILLA S.A.,FI,Finalizada,PD0002299
FBREP,280,PD0002299,"CDNA CONDUCTOR 200P-C6-P6""",PV01,27922,2000508616;;;,PD0002299A,PTNA CAB 12X70X227 ACOD,900087414 - RIOPAILA CASTILLA S.A.,FI,Finalizada,PD0002299
FBREP,280,PD0002299,"CDNA CONDUCTOR 200P-C6-P6""",PV01,27922,2000508616;;;,PD0002299B,PTNA PIN 12X70X227 ACOD,900087414 - RIOPAILA CASTILLA S.A.,FI,Finalizada,PD0002299
FBREP,280,PD0002299,"CDNA CONDUCTOR 200P-C6-P6""",PV01,27922,2000508616;;;,PD0002299I,"PIN EN ""L"" 6.35X75 INOX",900087414 - RIOPAILA CASTILLA S.A.,FI,Finalizada,PD0002299
FBREP,281,PD0002299A,PTNA CAB 12X70X227 ACOD,PV01,27922,2000508616;;;,PI002508,"CDNA 200P C6 P6""",900087414 - RIOPAILA CASTILLA S.A.,FI,Finalizada,PD0002299A
FBREP,282,PD0002299B,PTNA PIN 12X70X227 ACOD,PV01,27922,2000508616;;;,PI002508,"CDNA 200P C6 P6""",900087414 - RIOPAILA CASTILLA S.A.,FI,Finalizada,PD0002299B
FBREP,289,PD0002299I,"PIN EN ""L"" 6.35X75 INOX",PV01,27922,2000508616;;;,MP000559,"304 RDO 6,35 (1/4)",900087414 - RIOPAILA CASTILLA S.A.,FI,Finalizada,PD0002299I
FBREP,292,1ACI000004,"CDNA FB 2184-C5-P6""",PV01,27921,I21-0024;,1ACI010004,PASADOR 25.4X23.1X98 PERF-T1,20132377783- - AGROINDUSTRIAL LAREDO S.A.A,FI,Finalizada,1ACI000004
FBREP,292,1ACI000004,"CDNA FB 2184-C5-P6""",PV01,27921,I21-0024;,1ACI130001,PDOR 5/8X65 FLIGHT WING 2184 ,20132377783- - AGROINDUSTRIAL LAREDO S.A.A,FI,Finalizada,1ACI000004
FBREP,292,1ACI000004,"CDNA FB 2184-C5-P6""",PV01,27921,I21-0024;,1ACI040007,PTNA PIN 9.5X51.8X214 ACOD-T1,20132377783- - AGROINDUSTRIAL LAREDO S.A.A,FI,Finalizada,1ACI000004
FBREP,292,1ACI000004,"CDNA FB 2184-C5-P6""",PV01,27921,I21-0024;,1ACI040008,PTNA PIN ADIT 9.5X51.8X214-SOLD T1,20132377783- - AGROINDUSTRIAL LAREDO S.A.A,FI,Finalizada,1ACI000004
FBREP,292,1ACI000004,"CDNA FB 2184-C5-P6""",PV01,27921,I21-0024;,1ACI040006,PTNA CAB 9.5X51.8X214 ACOD-T1,20132377783- - AGROINDUSTRIAL LAREDO S.A.A,FI,Finalizada,1ACI000004
FBREP,292,1ACI000004,"CDNA FB 2184-C5-P6""",PV01,27921,I21-0024;,1ACI060002,"PIN EN ""L"" 5/16X77 INOX",20132377783- - AGROINDUSTRIAL LAREDO S.A.A,FI,Finalizada,1ACI000004
FBREP,292,1ACI000004,"CDNA FB 2184-C5-P6""",PV01,27921,I21-0024;,1ACI020005,BUJE ØE31.7XØI22.6X55-T1,20132377783- - AGROINDUSTRIAL LAREDO S.A.A,FI,Finalizada,1ACI000004
FBREP,293,1ACI040007,PTNA PIN 9.5X51.8X214 ACOD-T1,PV01,27921,I21-0024;,MP000954,"SSS700/STRENX 110 LAM 9,5 (3/8)",20132377783- - AGROINDUSTRIAL LAREDO S.A.A,FI,Finalizada,1ACI040007
FBREP,294,1ACI040006,PTNA CAB 9.5X51.8X214 ACOD-T1,PV01,27921,I21-0024;,MP000954,"SSS700/STRENX 110 LAM 9,5 (3/8)",20132377783- - AGROINDUSTRIAL LAREDO S.A.A,FI,Finalizada,1ACI040006
FBREP,295,1ACI050001,ADITAMENTO A42,PV01,27921,I21-0024;,MP000957,SSS700 LAM 16,20132377783- - AGROINDUSTRIAL LAREDO S.A.A,FI,Finalizada,1ACI050001
FBREP,297,1ACI010004,PASADOR 25.4X23.1X98 PERF-T1,PV01,27921,I21-0024;,MP000123,420 RDO 32,20132377783- - AGROINDUSTRIAL LAREDO S.A.A,CE,Cerrado,1ACI010004
FBREP,299,1ACI060002,"PIN EN ""L"" 5/16X77 INOX",PV01,27921,I21-0024;,MP000266,"304 RDO 7,9 (5/16)",20132377783- - AGROINDUSTRIAL LAREDO S.A.A,FI,Finalizada,1ACI060002
FBREP,301,1ACI020005,BUJE ØE31.7XØI22.6X55-T1,PV01,27921,I21-0024;,MP000123,420 RDO 32,20132377783- - AGROINDUSTRIAL LAREDO S.A.A,FI,Finalizada,1ACI020005
FBREP,302,1ACI040008,PTNA PIN ADIT 9.5X51.8X214-SOLD T1,PV01,27921,I21-0024;,1ACI040007,PTNA PIN 9.5X51.8X214 ACOD-T1,20132377783- - AGROINDUSTRIAL LAREDO S.A.A,FI,Finalizada,1ACI040008
FBREP,302,1ACI040008,PTNA PIN ADIT 9.5X51.8X214-SOLD T1,PV01,27921,I21-0024;,1ACI050001,ADITAMENTO A42,20132377783- - AGROINDUSTRIAL LAREDO S.A.A,FI,Finalizada,1ACI040008
FBREP,305,1ACI000000,"CDNA FB 200P -C6-P6"" ACOD",PV01,28196,"2000508616;;,",PD0002299I,"PIN EN ""L"" 6.35X75 INOX",900087414 - RIOPAILA CASTILLA S.A.,FI,Finalizada,1ACI000000
FBREP,305,1ACI000000,"CDNA FB 200P -C6-P6"" ACOD",PV01,28196,"2000508616;;,",PI002508,"CDNA 200P C6 P6""",900087414 - RIOPAILA CASTILLA S.A.,FI,Finalizada,1ACI000000
FBREP,328,PD0002299I,"PIN EN ""L"" 6.35X75 INOX",PV01,28196,"2000508616;;,",MP000559,"304 RDO 6,35 (1/4)",900087414 - RIOPAILA CASTILLA S.A.,FI,Finalizada,PD0002299I
FBREP,329,1000151928,PTNA ADIT INT 10X110X340-90°,PV01,28217,4520154837;,MP000538,PUNTAS VARIAS Y SOBRANTES DE LAMINA,860002523 - CEMEX COLOMBIA S.A.,FI,Finalizada,1000151928
FBREP,332,54987-1,"CDNA WH-132-RFO10-C4-P 6.05""  ACODADA",PV01,28281,2000508616;;;;,54987-1A,BUJE ØE44.45XØI25.95X76.2 C/P,900087414 - RIOPAILA CASTILLA S.A.,FI,Finalizada,54987-1
FBREP,332,54987-1,"CDNA WH-132-RFO10-C4-P 6.05""  ACODADA",PV01,28281,2000508616;;;;,54987-1B,PTNA CAB 12.7X71X241 ACOD.,900087414 - RIOPAILA CASTILLA S.A.,FI,Finalizada,54987-1
FBREP,332,54987-1,"CDNA WH-132-RFO10-C4-P 6.05""  ACODADA",PV01,28281,2000508616;;;;,54987-1C,PTNA PIN 12.7X71X241 ACOD.,900087414 - RIOPAILA CASTILLA S.A.,FI,Finalizada,54987-1
FBREP,332,54987-1,"CDNA WH-132-RFO10-C4-P 6.05""  ACODADA",PV01,28281,2000508616;;;;,54987-1H,ADIT RF10 CDNA WH-132 SOLD. DER,900087414 - RIOPAILA CASTILLA S.A.,FI,Finalizada,54987-1
FBREP,332,54987-1,"CDNA WH-132-RFO10-C4-P 6.05""  ACODADA",PV01,28281,2000508616;;;;,54987-1I,PIN 5/16X2 INOX,900087414 - RIOPAILA CASTILLA S.A.,FI,Finalizada,54987-1
FBREP,332,54987-1,"CDNA WH-132-RFO10-C4-P 6.05""  ACODADA",PV01,28281,2000508616;;;;,54987-1D,PASADOR 28.6X26.4X126.4 C/PERF,900087414 - RIOPAILA CASTILLA S.A.,FI,Finalizada,54987-1
FBREP,332,54987-1,"CDNA WH-132-RFO10-C4-P 6.05""  ACODADA",PV01,28281,2000508616;;;;,54987-1L,ADIT RF10 CDNA WH-132 SOLD. IZQ,900087414 - RIOPAILA CASTILLA S.A.,FI,Finalizada,54987-1
FBREP,333,54987-1A,BUJE ØE44.45XØI25.95X76.2 C/P,PV01,28281,2000508616;;;;,MP000260,"8620 RDO 47,6 (1 7/8)",900087414 - RIOPAILA CASTILLA S.A.,FI,Finalizada,54987-1A
FBREP,334,54987-1B,PTNA CAB 12.7X71X241 ACOD.,PV01,28281,2000508616;;;;,MP000594,"SSS900 LAM 12,7 (1/2)",900087414 - RIOPAILA CASTILLA S.A.,FI,Finalizada,54987-1B
FBREP,335,54987-1C,PTNA PIN 12.7X71X241 ACOD.,PV01,28281,2000508616;;;;,MP000594,"SSS900 LAM 12,7 (1/2)",900087414 - RIOPAILA CASTILLA S.A.,FI,Finalizada,54987-1C
FBREP,336,54987-1D,PASADOR 28.6X26.4X126.4 C/PERF,PV01,28281,2000508616;;;;,MP000132,"4140 RDO 28,5 (1 1/8)",900087414 - RIOPAILA CASTILLA S.A.,FI,Finalizada,54987-1D
FBREP,337,54987-1E,PTNA CAB ADIT 12.7X234X254 ACOD DER,PV01,28281,2000508616;;;;,MP000594,"SSS900 LAM 12,7 (1/2)",900087414 - RIOPAILA CASTILLA S.A.,FI,Finalizada,54987-1E
FBREP,338,54987-1F,PTNA CAB ADIT 12.7X234X254 ACOD IZQ ,PV01,28281,2000508616;;;;,MP000594,"SSS900 LAM 12,7 (1/2)",900087414 - RIOPAILA CASTILLA S.A.,FI,Finalizada,54987-1F
FBREP,339,54987-1G,PTNA  ADIT 9.5X77.8X160,PV01,28281,2000508616;;;;,MP000118,A36 LAM 9,900087414 - RIOPAILA CASTILLA S.A.,FI,Finalizada,54987-1G
FBREP,340,54987-1H,ADIT RF10 CDNA WH-132 SOLD. DER,PV01,28281,2000508616;;;;,54987-1A,BUJE ØE44.45XØI25.95X76.2 C/P,900087414 - RIOPAILA CASTILLA S.A.,FI,Finalizada,54987-1H
FBREP,340,54987-1H,ADIT RF10 CDNA WH-132 SOLD. DER,PV01,28281,2000508616;;;;,54987-1E,PTNA CAB ADIT 12.7X234X254 ACOD DER,900087414 - RIOPAILA CASTILLA S.A.,FI,Finalizada,54987-1H
FBREP,340,54987-1H,ADIT RF10 CDNA WH-132 SOLD. DER,PV01,28281,2000508616;;;;,54987-1J,PTNA PIN ADIT 12.7X234X254 ACOD DER,900087414 - RIOPAILA CASTILLA S.A.,FI,Finalizada,54987-1H
FBREP,340,54987-1H,ADIT RF10 CDNA WH-132 SOLD. DER,PV01,28281,2000508616;;;;,54987-1G,PTNA  ADIT 9.5X77.8X160,900087414 - RIOPAILA CASTILLA S.A.,FI,Finalizada,54987-1H
FBREP,341,54987-1I,PIN 5/16X2 INOX,PV01,28281,2000508616;;;;,MP000266,"304 RDO 7,9 (5/16)",900087414 - RIOPAILA CASTILLA S.A.,FI,Finalizada,54987-1I
FBREP,342,54987-1J,PTNA PIN ADIT 12.7X234X254 ACOD DER,PV01,28281,2000508616;;;;,MP000594,"SSS900 LAM 12,7 (1/2)",900087414 - RIOPAILA CASTILLA S.A.,FI,Finalizada,54987-1J
FBREP,343,54987-1K,PTNA PIN ADIT 12.7X234X254 ACOD IZQ,PV01,28281,2000508616;;;;,MP000594,"SSS900 LAM 12,7 (1/2)",900087414 - RIOPAILA CASTILLA S.A.,FI,Finalizada,54987-1K
FBREP,344,54987-1L,ADIT RF10 CDNA WH-132 SOLD. IZQ,PV01,28281,2000508616;;;;,54987-1A,BUJE ØE44.45XØI25.95X76.2 C/P,900087414 - RIOPAILA CASTILLA S.A.,FI,Finalizada,54987-1L
FBREP,344,54987-1L,ADIT RF10 CDNA WH-132 SOLD. IZQ,PV01,28281,2000508616;;;;,54987-1F,PTNA CAB ADIT 12.7X234X254 ACOD IZQ ,900087414 - RIOPAILA CASTILLA S.A.,FI,Finalizada,54987-1L
FBREP,344,54987-1L,ADIT RF10 CDNA WH-132 SOLD. IZQ,PV01,28281,2000508616;;;;,54987-1K,PTNA PIN ADIT 12.7X234X254 ACOD IZQ,900087414 - RIOPAILA CASTILLA S.A.,FI,Finalizada,54987-1L
FBREP,344,54987-1L,ADIT RF10 CDNA WH-132 SOLD. IZQ,PV01,28281,2000508616;;;;,54987-1G,PTNA  ADIT 9.5X77.8X160,900087414 - RIOPAILA CASTILLA S.A.,FI,Finalizada,54987-1L
FBREP,367,1122830NF,PASADOR LARGO 25X24X151CP/RAN,PV01,28452,500082701:,MP000090,"4140 RDO 25,4 ( 1)",TPM06111759A - TRITURADORA Y PROCESADORA DE MATERIALES SANTA ANITA  S.A DE C.V. ,FI,Finalizada,1122830NF
FBREP,368,1122830O,PIN CANDADO 1/8 R10,PV01,28452,500082701:,MP000310,A36 LAM 3,TPM06111759A - TRITURADORA Y PROCESADORA DE MATERIALES SANTA ANITA  S.A DE C.V. ,FI,Finalizada,1122830O
FBREP,380,PD0002497,"PIN PARAGUAS 1/4X1 1/2"" GAF",PV01,29134,3754;,PI000100,PIN PARAGUAS 1/4x1 1/2 1020 REMACHE RDO,00449 - VENSUR N.V.,FI,Finalizada,PD0002497
FBREP,385,PD0002511,PIN PARAGUAS ESTRIADO 1/4X 2 GAF ,PV01,29342,4780010569-3,PI000168,PIN PARAGUAS 1/4x2 1020,099029324400 - HOLCIM ECUADOR S.A.,FI,Finalizada,PD02511
FBREP,386,PD0002510,PIN EN U 9.52X55X79,PV01,29342,4780010569-3,MP000582,"1020 RDO 9,5 (3/8) ",099029324400 - HOLCIM ECUADOR S.A.,FI,Finalizada,PD02510
FBREP,393,PD0002538,PASO INTERNO ADIT SOLD,PV01,29593,4430030267,30321162A,PTNA INT 9.5X78X349,860009808 - HOLCIM (COLOMBIA) S.A.,FI,Finalizada,PD0002538
FBREP,393,PD0002538,PASO INTERNO ADIT SOLD,PV01,29593,4430030267,30321162E,BUJE ØE50XØI32.55X74.05 EC,860009808 - HOLCIM (COLOMBIA) S.A.,FI,Finalizada,PD0002538
FBREP,393,PD0002538,PASO INTERNO ADIT SOLD,PV01,29593,4430030267,30321162G,RODILLO ØE100XØI50.60X54,860009808 - HOLCIM (COLOMBIA) S.A.,FI,Finalizada,PD0002538
FBREP,393,PD0002538,PASO INTERNO ADIT SOLD,PV01,29593,4430030267,30321162J,PTNA INT ADIT 9.5X152X349-SOLD,860009808 - HOLCIM (COLOMBIA) S.A.,FI,Finalizada,PD0002538
FBREP,394,30321162A,PTNA INT 9.5X78X349,PV01,29593,,MP001055,"SSS900 LAM 9,5 (3/8)",860009808 - HOLCIM (COLOMBIA) S.A.,FI,Finalizada,30321162A
FBREP,395,30321162E,BUJE ØE50XØI32.55X74.05 EC,PV01,29593,,MP001067,8620 BARRA PERFORADA 57X28,860009808 - HOLCIM (COLOMBIA) S.A.,FI,Finalizada,30321162E
FBREP,396,30321162G,RODILLO ØE100XØI50.60X54,PV01,29593,,MP000007,"4140 RDO 101,6 (4) ",860009808 - HOLCIM (COLOMBIA) S.A.,FI,Finalizada,30321162G
FBREP,397,30321162J,PTNA INT ADIT 9.5X152X349-SOLD,PV01,29593,,30321162D,PTNA INT ADIT 9.5X152X349,860009808 - HOLCIM (COLOMBIA) S.A.,FI,Finalizada,30321162J
FBREP,397,30321162J,PTNA INT ADIT 9.5X152X349-SOLD,PV01,29593,,30321162H,REFUERZO 15X44X53,860009808 - HOLCIM (COLOMBIA) S.A.,FI,Finalizada,30321162J
FBREP,398,30321162D,PTNA INT ADIT 9.5X152X349,PV01,29593,,MP001055,"SSS900 LAM 9,5 (3/8)",860009808 - HOLCIM (COLOMBIA) S.A.,FI,Finalizada,30321162D
FBREP,399,30321162H,REFUERZO 15X44X53,PV01,29593,,MP000121,A36 LAM 15 ,860009808 - HOLCIM (COLOMBIA) S.A.,FI,Finalizada,30321162H
FBREP,402,30351506,"CDNA FB-984 ADIT K443-C2-P7""",PV01,29646,4530307689**,30351506A,BUJE ØE63.5XØI35.55X127.8,860009808 - HOLCIM (COLOMBIA) S.A.,FI,Finalizada,30351506
FBREP,402,30351506,"CDNA FB-984 ADIT K443-C2-P7""",PV01,29646,4530307689**,30351506B,PASADOR 38.1X35.8X187 PERF,860009808 - HOLCIM (COLOMBIA) S.A.,FI,Finalizada,30351506
FBREP,402,30351506,"CDNA FB-984 ADIT K443-C2-P7""",PV01,29646,4530307689**,30351506C,PTNA INT 16X103X301,860009808 - HOLCIM (COLOMBIA) S.A.,FI,Finalizada,30351506
FBREP,402,30351506,"CDNA FB-984 ADIT K443-C2-P7""",PV01,29646,4530307689**,30351506D,PTNA EXT ADIT16X122.2X271 -90°,860009808 - HOLCIM (COLOMBIA) S.A.,FI,Finalizada,30351506
FBREP,402,30351506,"CDNA FB-984 ADIT K443-C2-P7""",PV01,29646,4530307689**,30351506E,PIN PARAGUAS ESTRIADO 3/8X2 1/2,860009808 - HOLCIM (COLOMBIA) S.A.,FI,Finalizada,30351506
FBREP,403,30351506A,BUJE ØE63.5XØI35.55X127.8,PV01,29646,"4530307689** PENDIENTE LONG DE CORTE, MPC Y MOLDE",MP001068,8620 BARRA PERFORADA 63X32,860009808 - HOLCIM (COLOMBIA) S.A.,FI,Finalizada,30351506A
FBREP,404,30351506B,PASADOR 38.1X35.8X187 PERF,PV01,29646,4530307689**,MP000172,"4140 RDO 38,1 (1 1/2)",860009808 - HOLCIM (COLOMBIA) S.A.,FI,Finalizada,30351506B
FBREP,405,30351506C,PTNA INT 16X103X301,PV01,29646,4530307689**,MP001071,SSS900 LAM 16,860009808 - HOLCIM (COLOMBIA) S.A.,FI,Finalizada,30351506C
FBREP,406,30351506D,PTNA EXT ADIT16X122.2X271 -90°,PV01,29646,4530307689**,MP000941,HAX450 LAM 16,860009808 - HOLCIM (COLOMBIA) S.A.,FI,Finalizada,30351506D
FBREP,407,30351506E,PIN PARAGUAS ESTRIADO 3/8X2 1/2,PV01,29646,4530307689**,PI001192,PIN PARAGUAS 3/8X2 1/2 1020,860009808 - HOLCIM (COLOMBIA) S.A.,FI,Finalizada,30351506E
FBREP,412,30392656,CDNA FB TRANS AU8076-C5-P250,PV01,29816,8400005086/,30392656B,PASADOR 50.05X203.2 RAN,CAP821208LQ3 - HOLCIM MEXICO OPERACIONES S.A. DE C.V,FI,Finalizada,30392656
FBREP,412,30392656,CDNA FB TRANS AU8076-C5-P250,PV01,29816,8400005086/,30392656C,PTNA INT ADIT 12X128X391-90°,CAP821208LQ3 - HOLCIM MEXICO OPERACIONES S.A. DE C.V,FI,Finalizada,30392656
FBREP,412,30392656,CDNA FB TRANS AU8076-C5-P250,PV01,29816,8400005086/,30392656D,PTNA EXT ADIT 12X118X419-90°,CAP821208LQ3 - HOLCIM MEXICO OPERACIONES S.A. DE C.V,FI,Finalizada,30392656
FBREP,412,30392656,CDNA FB TRANS AU8076-C5-P250,PV01,29816,8400005086/,30392656E,PTNA EXT ADIT 12X96X371,CAP821208LQ3 - HOLCIM MEXICO OPERACIONES S.A. DE C.V,FI,Finalizada,30392656
FBREP,412,30392656,CDNA FB TRANS AU8076-C5-P250,PV01,29816,8400005086/,30392656F,PTNA INT ADIT 12X116X391,CAP821208LQ3 - HOLCIM MEXICO OPERACIONES S.A. DE C.V,FI,Finalizada,30392656
FBREP,412,30392656,CDNA FB TRANS AU8076-C5-P250,PV01,29816,8400005086/,30392656I,PTNA INT TOPE 12X116X391 SOLD,CAP821208LQ3 - HOLCIM MEXICO OPERACIONES S.A. DE C.V,FI,Finalizada,30392656
FBREP,412,30392656,CDNA FB TRANS AU8076-C5-P250,PV01,29816,8400005086/,1ACI060013,PIN CANDADO 3/16 R21,CAP821208LQ3 - HOLCIM MEXICO OPERACIONES S.A. DE C.V,FI,Finalizada,30392656
FBREP,412,30392656,CDNA FB TRANS AU8076-C5-P250,PV01,29816,8400005086/,30392656G,PTNA EXT 12X96X371,CAP821208LQ3 - HOLCIM MEXICO OPERACIONES S.A. DE C.V,FI,Finalizada,30392656
FBREP,412,30392656,CDNA FB TRANS AU8076-C5-P250,PV01,29816,8400005086/,30392656A,BUJE ØE76.05XØI50.75X128,CAP821208LQ3 - HOLCIM MEXICO OPERACIONES S.A. DE C.V,FI,Finalizada,30392656
FBREP,413,30392656B,PASADOR 50.05X203.2 RAN,PV01,29816,8400005086/,MP000211,"4140 RDO 50,8 (2)",CAP821208LQ3 - HOLCIM MEXICO OPERACIONES S.A. DE C.V,FI,Finalizada,30392656B
FBREP,414,30392656C,PTNA INT ADIT 12X128X391-90°,PV01,29816,8400005086/,MP000939,HAX450 LAM 12,CAP821208LQ3 - HOLCIM MEXICO OPERACIONES S.A. DE C.V,FI,Finalizada,30392656C
FBREP,415,30392656D,PTNA EXT ADIT 12X118X419-90°,PV01,29816,8400005086/,MP000939,HAX450 LAM 12,CAP821208LQ3 - HOLCIM MEXICO OPERACIONES S.A. DE C.V,FI,Finalizada,30392656D
FBREP,416,30392656E,PTNA EXT ADIT 12X96X371,PV01,29816,8400005086/,MP000939,HAX450 LAM 12,CAP821208LQ3 - HOLCIM MEXICO OPERACIONES S.A. DE C.V,FI,Finalizada,30392656E
FBREP,417,30392656F,PTNA INT ADIT 12X116X391,PV01,29816,8400005086/,MP000939,HAX450 LAM 12,CAP821208LQ3 - HOLCIM MEXICO OPERACIONES S.A. DE C.V,FI,Finalizada,30392656F
FBREP,418,30392656I,PTNA INT TOPE 12X116X391 SOLD,PV01,29816,8400005086/,30392656F,PTNA INT ADIT 12X116X391,CAP821208LQ3 - HOLCIM MEXICO OPERACIONES S.A. DE C.V,FI,Finalizada,30392656I
FBREP,418,30392656I,PTNA INT TOPE 12X116X391 SOLD,PV01,29816,8400005086/,30392656H,POSTIZO 12.7X20X42,CAP821208LQ3 - HOLCIM MEXICO OPERACIONES S.A. DE C.V,FI,Finalizada,30392656I
FBREP,419,30392656G,PTNA EXT 12X96X371,PV01,29816,8400005086/,MP000939,HAX450 LAM 12,CAP821208LQ3 - HOLCIM MEXICO OPERACIONES S.A. DE C.V,FI,Finalizada,30392656G
FBREP,420,30392656A,BUJE ØE76.05XØI50.75X128,PV01,29816,8400005086/,MP000499,"8620 RDO 76,2 (3)",CAP821208LQ3 - HOLCIM MEXICO OPERACIONES S.A. DE C.V,FI,Finalizada,30392656A
FBREP,421,1ACI060013,PIN CANDADO 3/16 R21,PV01,29816,8400005086/,MP000109,"A36 LAM 4,5",CAP821208LQ3 - HOLCIM MEXICO OPERACIONES S.A. DE C.V,FI,Finalizada,1ACI060013
FBREP,422,30392656H,POSTIZO 12.7X20X42,PV01,29816,8400005086/,MP000594,"SSS900 LAM 12,7 (1/2)",CAP821208LQ3 - HOLCIM MEXICO OPERACIONES S.A. DE C.V,FI,Finalizada,30392656H
FBREP,424,PD0002581,"CDNA 200P C6 P6""",PV01,29906,2000508616,PI002508,"CDNA 200P C6 P6""",900087414 - RIOPAILA CASTILLA S.A.,FI,Finalizada,PD0002581
FBREP,436,7100010-105C,TCA PHILIDA 3/4X10H GDO8,PV01,30090,I22-0082,PI000158,TCA HEX 3/4X10H GDO2H,20132377783- - AGROINDUSTRIAL LAREDO S.A.A,FI,Finalizada,710010105C
FBREP,444,1ACI000000,"CDNA FB 200P -C6-P6"" ACOD",PV01,30290,2000508616*,10CI040003,PTNA PIN 12X70X217,900087414 - RIOPAILA CASTILLA S.A.,FI,Finalizada,1ACI000000
FBREP,444,1ACI000000,"CDNA FB 200P -C6-P6"" ACOD",PV01,30290,2000508616*,10CI110000,PTNA INT ADIT 12X82.7x226 SOLD,900087414 - RIOPAILA CASTILLA S.A.,FI,Finalizada,1ACI000000
FBREP,444,1ACI000000,"CDNA FB 200P -C6-P6"" ACOD",PV01,30290,2000508616*,10CI060000,PIN 1/4X2 INOX,900087414 - RIOPAILA CASTILLA S.A.,FI,Finalizada,1ACI000000
FBREP,444,1ACI000000,"CDNA FB 200P -C6-P6"" ACOD",PV01,30290,2000508616*,10CI020000,BUJE ØE47.6XØI25.6X81.8 EC,900087414 - RIOPAILA CASTILLA S.A.,FI,Finalizada,1ACI000000
FBREP,444,1ACI000000,"CDNA FB 200P -C6-P6"" ACOD",PV01,30290,2000508616*,10CI040000,PTNA CAB 12X70X226 ACOD.,900087414 - RIOPAILA CASTILLA S.A.,FI,Finalizada,1ACI000000
FBREP,444,1ACI000000,"CDNA FB 200P -C6-P6"" ACOD",PV01,30290,2000508616*,10CI040001,PTNA PIN 12X70X226.5 ACOD. ,900087414 - RIOPAILA CASTILLA S.A.,FI,Finalizada,1ACI000000
FBREP,444,1ACI000000,"CDNA FB 200P -C6-P6"" ACOD",PV01,30290,2000508616*,10CI040002,PTNA CAB 12X70X217,900087414 - RIOPAILA CASTILLA S.A.,FI,Finalizada,1ACI000000
FBREP,444,1ACI000000,"CDNA FB 200P -C6-P6"" ACOD",PV01,30290,2000508616*,10CI010000,PASADOR 31.75X26.2X126.7 PERF,900087414 - RIOPAILA CASTILLA S.A.,FI,Finalizada,1ACI000000
FBREP,452,PD0002796,PASO INT CDNA FB ER958,PV01,30764,23000275 OI,R1487D,BUJE ØE50.8XØI28.8X108.2,0990015449001 - INTACO ECUADOR SA,FI,Finalizada,PD0002796
FBREP,452,PD0002796,PASO INT CDNA FB ER958,PV01,30764,23000275 OI,R1487A,PTNA INT 16X82.55X245,0990015449001 - INTACO ECUADOR SA,FI,Finalizada,PD0002796
FBREP,453,R1487A,PTNA INT 16X82.55X245,PV01,30764,23000275 OI,MP001071,SSS900 LAM 16,0990015449001 - INTACO ECUADOR SA,FI,Finalizada,R1487A
FBREP,454,R1487D,BUJE ØE50.8XØI28.8X108.2,PV01,30764,23000275 OI,MP001066,8620 BARRA PERFORADA 51X25,0990015449001 - INTACO ECUADOR SA,FI,Finalizada,R1487D
FBREP,456,R1487E,PIN ESTRIADO 1/4X2 GAF ,PV01,30764,23000275 OI,PI000168,PIN PARAGUAS 1/4x2 1020,0990015449001 - INTACO ECUADOR SA,FI,Finalizada,R1487E
FBREP,460,R1487E,PIN ESTRIADO 1/4X2 GAF ,PV01,30789,"23000275 OI""",PI000168,PIN PARAGUAS 1/4x2 1020,0990015449001 - INTACO ECUADOR SA,CE,Cerrado,R1487E
FBREP,461,PD0002796,PASO INT CDNA FB ER958,PV01,30789,"23000275 OI""",R1487D,BUJE ØE50.8XØI28.8X108.2,0990015449001 - INTACO ECUADOR SA,CE,Cerrado,PD0002796
FBREP,461,PD0002796,PASO INT CDNA FB ER958,PV01,30789,"23000275 OI""",R1487A,PTNA INT 16X82.55X245,0990015449001 - INTACO ECUADOR SA,CE,Cerrado,PD0002796
FBREP,462,R1487A,PTNA INT 16X82.55X245,PV01,30789,"23000275 OI""",MP001071,SSS900 LAM 16,0990015449001 - INTACO ECUADOR SA,CE,Cerrado,R1487A
FBREP,463,R1487D,BUJE ØE50.8XØI28.8X108.2,PV01,30789,"23000275 OI""",MP001066,8620 BARRA PERFORADA 51X25,0990015449001 - INTACO ECUADOR SA,CE,Cerrado,R1487D
FBREP,464,R1487,"CDNA FB ER958 K44 C2 P6""",PV01,30812,"23000275OI""""",R1487D,BUJE ØE50.8XØI28.8X108.2,0990015449001 - INTACO ECUADOR SA,FI,Finalizada,R1487
FBREP,464,R1487,"CDNA FB ER958 K44 C2 P6""",PV01,30812,"23000275OI""""",R1487A,PTNA INT 16X82.55X245,0990015449001 - INTACO ECUADOR SA,FI,Finalizada,R1487
FBREP,464,R1487,"CDNA FB ER958 K44 C2 P6""",PV01,30812,"23000275OI""""",R1487B,PTNA  EXT ADIT K44 12.7X98.4X245-90°,0990015449001 - INTACO ECUADOR SA,FI,Finalizada,R1487
FBREP,464,R1487,"CDNA FB ER958 K44 C2 P6""",PV01,30812,"23000275OI""""",R1487C,PASADOR 31.75X29.3X155 PERF,0990015449001 - INTACO ECUADOR SA,FI,Finalizada,R1487
FBREP,464,R1487,"CDNA FB ER958 K44 C2 P6""",PV01,30812,"23000275OI""""",R1487E,PIN ESTRIADO 1/4X2 GAF ,0990015449001 - INTACO ECUADOR SA,FI,Finalizada,R1487
FBREP,465,R1487A,PTNA INT 16X82.55X245,PV01,30812,"23000275OI""""",MP001071,SSS900 LAM 16,0990015449001 - INTACO ECUADOR SA,FI,Finalizada,R1487A
FBREP,466,R1487B,PTNA  EXT ADIT K44 12.7X98.4X245-90°,PV01,30812,"23000275OI""""",MP001154,"HAX450 LAM 12,7 (1/2)",0990015449001 - INTACO ECUADOR SA,FI,Finalizada,R1487B
FBREP,467,R1487C,PASADOR 31.75X29.3X155 PERF,PV01,30812,"23000275OI""""",MP000135,"4140 RDO 31,75 (1 1/4)",0990015449001 - INTACO ECUADOR SA,CE,Cerrado,R1487C
FBREP,468,R1487D,BUJE ØE50.8XØI28.8X108.2,PV01,30812,"23000275OI""""",MP001066,8620 BARRA PERFORADA 51X25,0990015449001 - INTACO ECUADOR SA,FI,Finalizada,R1487D
FBREP,469,R1487E,PIN ESTRIADO 1/4X2 GAF ,PV01,30812,"23000275OI""""",PI000168,PIN PARAGUAS 1/4x2 1020,0990015449001 - INTACO ECUADOR SA,FI,Finalizada,R1487E
FBREP,471,R1487C,PASADOR 31.75X29.3X155 PERF,PV01,30812,"23000275OI""""",MP000135,"4140 RDO 31,75 (1 1/4)",0990015449001 - INTACO ECUADOR SA,FI,Finalizada,R1487C
FBREP,479,1ACI000004,"CDNA FB 2184-C5-P6""",PV01,30991,2000602959°,PI002627,"2184-A42-C5 P6""  SIN CASQUILLO",900087414 - RIOPAILA CASTILLA S.A.,FI,Finalizada,1ACI000004
FBREP,49,1480738,"CDNA FB S4251 ADITG118 C1 P12""",PV01,23492,4506546945:,1480738A,BUJE ØE44.4XØI22.65X74.1,72-0296500 - CEMEX INC.,FI,Finalizada,1480738
FBREP,49,1480738,"CDNA FB S4251 ADITG118 C1 P12""",PV01,23492,4506546945:,1480738B,PTNA ADIT CAB 12X69.85X376,72-0296500 - CEMEX INC.,FI,Finalizada,1480738
FBREP,49,1480738,"CDNA FB S4251 ADITG118 C1 P12""",PV01,23492,4506546945:,1480738D,PTNA PIN 12X69.85X376,72-0296500 - CEMEX INC.,FI,Finalizada,1480738
FBREP,49,1480738,"CDNA FB S4251 ADITG118 C1 P12""",PV01,23492,4506546945:,1480738E,PASADOR 25.4X23.15X121.2 C/PERF,72-0296500 - CEMEX INC.,FI,Finalizada,1480738
FBREP,49,1480738,"CDNA FB S4251 ADITG118 C1 P12""",PV01,23492,4506546945:,PD0001652A,TCA PHILIDA 3/4X10H GDO8,72-0296500 - CEMEX INC.,FI,Finalizada,1480738
FBREP,49,1480738,"CDNA FB S4251 ADITG118 C1 P12""",PV01,23492,4506546945:,PI000168,PIN PARAGUAS 1/4x2 1020,72-0296500 - CEMEX INC.,FI,Finalizada,1480738
FBREP,49,1480738,"CDNA FB S4251 ADITG118 C1 P12""",PV01,23492,4506546945:,1480738F,"SOCKET AVE 3/4X10HX3"" GDO8",72-0296500 - CEMEX INC.,FI,Finalizada,1480738
FBREP,50,1480738A,BUJE ØE44.4XØI22.65X74.1,PV01,23492,4506546945:,MP000260,"8620 RDO 47,6 (1 7/8)",72-0296500 - CEMEX INC.,FI,Finalizada,1480738A
FBREP,51,1480738B,PTNA ADIT CAB 12X69.85X376,PV01,23492,4506546945:,MP000962,SSS700 LAM 12,72-0296500 - CEMEX INC.,FI,Finalizada,1480738B
FBREP,52,1480738D,PTNA PIN 12X69.85X376,PV01,23492,4506546945:,MP000962,SSS700 LAM 12,72-0296500 - CEMEX INC.,FI,Finalizada,1480738D
FBREP,53,1480738E,PASADOR 25.4X23.15X121.2 C/PERF,PV01,23492,4506546945:,MP000090,"4140 RDO 25,4 ( 1)",72-0296500 - CEMEX INC.,FI,Finalizada,1480738E
FBREP,55,1465030L,PTNA INT ADIT-SOLD,PV01,23729,4506544245;,1465030G,PTNA SUPER  ADIT 12X63.5X241,72-0296500 - CEMEX INC.,FI,Finalizada,1465030L
FBREP,55,1465030L,PTNA INT ADIT-SOLD,PV01,23729,4506544245;,1465030D,PTNA INT ADIT 12.7X113.1X411-90°,72-0296500 - CEMEX INC.,FI,Finalizada,1465030L
FBREP,56,1465030M,PTNA EXT ADIT-SOLD,PV01,23729,4506544245;,1465030G,PTNA SUPER  ADIT 12X63.5X241,72-0296500 - CEMEX INC.,FI,Finalizada,1465030M
FBREP,56,1465030M,PTNA EXT ADIT-SOLD,PV01,23729,4506544245;,1465030E,PTNA EXT ADIT 12.7X113.1X411-90°,72-0296500 - CEMEX INC.,FI,Finalizada,1465030M
FBREP,59,1465030G,PTNA SUPER  ADIT 12X63.5X241,PV01,23729,4506544245;,MP000120,"A36 LAM 12,7 (1/2)",72-0296500 - CEMEX INC.,FI,Finalizada,1465030G
FBREP,60,1465030D,PTNA INT ADIT 12.7X113.1X411-90°,PV01,23729,4506544245;,MP000962,SSS700 LAM 12,72-0296500 - CEMEX INC.,FI,Finalizada,1465030D
FBREP,61,1465030E,PTNA EXT ADIT 12.7X113.1X411-90°,PV01,23729,4506544245;,MP000962,SSS700 LAM 12,72-0296500 - CEMEX INC.,FI,Finalizada,1465030E
FBREP,62,1480738F,"SOCKET AVE 3/4X10HX3"" GDO8",PV01,23492,4506546945: POR DEFINIR LONGITUD DE CORTE Y MPC.,MP000058,"4140 RDO 22,22 (7/8)",72-0296500 - CEMEX INC.,FI,Finalizada,1480738F
FBREP,63,PD0001754,CDNA RECLAMADOR 3241 P315,PV01,23904,4506523995:::,PD0001754H,SOLD. PTNA EXT PIN ADIT ANG IZ,72-0296500 - CEMEX INC.,FI,Finalizada,PD0001754
FBREP,63,PD0001754,CDNA RECLAMADOR 3241 P315,PV01,23904,4506523995:::,PD0001754O,SOLD. PTNA EXT PIN ADIT ,72-0296500 - CEMEX INC.,FI,Finalizada,PD0001754
FBREP,63,PD0001754,CDNA RECLAMADOR 3241 P315,PV01,23904,4506523995:::,PD0001754F,PASADOR 38.1X36.15X188.1 CP,72-0296500 - CEMEX INC.,FI,Finalizada,PD0001754
FBREP,63,PD0001754,CDNA RECLAMADOR 3241 P315,PV01,23904,4506523995:::,PD0001754G,BUJE ØE50.05XØI35.55X89.1 C/P,72-0296500 - CEMEX INC.,FI,Finalizada,PD0001754
FBREP,63,PD0001754,CDNA RECLAMADOR 3241 P315,PV01,23904,4506523995:::,PD0001754P,SOLD. PTNA EXT PIN ADIT ANG DE,72-0296500 - CEMEX INC.,FI,Finalizada,PD0001754
FBREP,63,PD0001754,CDNA RECLAMADOR 3241 P315,PV01,23904,4506523995:::,PD0001754A,PTNA INT 12X82.55X415,72-0296500 - CEMEX INC.,FI,Finalizada,PD0001754
FBREP,63,PD0001754,CDNA RECLAMADOR 3241 P315,PV01,23904,4506523995:::,PD0001754I,ENS. RUEDA GUIA CDNA ,72-0296500 - CEMEX INC.,FI,Finalizada,PD0001754
FBREP,63,PD0001754,CDNA RECLAMADOR 3241 P315,PV01,23904,4506523995:::,PD0001754C,PTNA EXT CAB 12X82.55X415,72-0296500 - CEMEX INC.,FI,Finalizada,PD0001754
FBREP,64,PD0001754A,PTNA INT 12X82.55X415,PV01,23904,4506523995:::,MP001002,SSA LAM 12,72-0296500 - CEMEX INC.,FI,Finalizada,PD0001754A
FBREP,65,PD0001754B,PTNA EXT PIN 12X82.55X415,PV01,23904,4506523995:::,MP001002,SSA LAM 12,72-0296500 - CEMEX INC.,FI,Finalizada,PD0001754B
FBREP,66,PD0001754C,PTNA EXT CAB 12X82.55X415,PV01,23904,4506523995:::,MP001002,SSA LAM 12,72-0296500 - CEMEX INC.,FI,Finalizada,PD0001754C
FBREP,67,PD0001754D,ANG ADIT 12.7X127X191,PV01,23904,4506523995:::,MP000417,"1020 ANG 12,7x127 (1/2x5)",72-0296500 - CEMEX INC.,FI,Finalizada,PD0001754D
FBREP,68,PD0001754E,ANG EXT 9.5X76.2X92.1,PV01,23904,4506523995:::,MP000579,1020 ANG 9.5X76.2 (3/8x3),72-0296500 - CEMEX INC.,FI,Finalizada,PD0001754E
FBREP,69,PD0001754F,PASADOR 38.1X36.15X188.1 CP,PV01,23904,4506523995:::,MP000172,"4140 RDO 38,1 (1 1/2)",72-0296500 - CEMEX INC.,CE,Cerrado,PD0001754F
FBREP,70,PD0001754G,BUJE ØE50.05XØI35.55X89.1 C/P,PV01,23904,4506523995:::,MP000263,"8620 RDO 50,8 (2)",72-0296500 - CEMEX INC.,FI,Finalizada,PD0001754G
FBREP,71,PD0001754H,SOLD. PTNA EXT PIN ADIT ANG IZ,PV01,23904,4506523995:::,PD0001754O,SOLD. PTNA EXT PIN ADIT ,72-0296500 - CEMEX INC.,FI,Finalizada,PD0001754H
FBREP,71,PD0001754H,SOLD. PTNA EXT PIN ADIT ANG IZ,PV01,23904,4506523995:::,PD0001754E,ANG EXT 9.5X76.2X92.1,72-0296500 - CEMEX INC.,FI,Finalizada,PD0001754H
FBREP,73,PD0001754O,SOLD. PTNA EXT PIN ADIT ,PV01,23904,4506523995:::,PD0001754B,PTNA EXT PIN 12X82.55X415,72-0296500 - CEMEX INC.,FI,Finalizada,PD0001754O
FBREP,73,PD0001754O,SOLD. PTNA EXT PIN ADIT ,PV01,23904,4506523995:::,PD0001754D,ANG ADIT 12.7X127X191,72-0296500 - CEMEX INC.,FI,Finalizada,PD0001754O
FBREP,74,PD0001754I,ENS. RUEDA GUIA CDNA ,PV01,23904,4506523995:::,PD0001754Q,SELLO MACHO 4.5X60.7 BRONCE,72-0296500 - CEMEX INC.,FI,Finalizada,PD0001754I
FBREP,74,PD0001754I,ENS. RUEDA GUIA CDNA ,PV01,23904,4506523995:::,PD0001754R,SELLO HEMBRA 4X71.95 BRONCE,72-0296500 - CEMEX INC.,FI,Finalizada,PD0001754I
FBREP,74,PD0001754I,ENS. RUEDA GUIA CDNA ,PV01,23904,4506523995:::,PD0001754J,BUJE ØE44.45XØI25.05X59.6,72-0296500 - CEMEX INC.,FI,Finalizada,PD0001754I
FBREP,74,PD0001754I,ENS. RUEDA GUIA CDNA ,PV01,23904,4506523995:::,PD0001754K,RUEDA ØE100XØI44.6X62.9,72-0296500 - CEMEX INC.,FI,Finalizada,PD0001754I
FBREP,74,PD0001754I,ENS. RUEDA GUIA CDNA ,PV01,23904,4506523995:::,PD0001754L,TAPA RUEDA ØE71.9X9,72-0296500 - CEMEX INC.,FI,Finalizada,PD0001754I
FBREP,74,PD0001754I,ENS. RUEDA GUIA CDNA ,PV01,23904,4506523995:::,PD0001754M,SEPARADOR 6.5XØI64.5XØE71.95,72-0296500 - CEMEX INC.,FI,Finalizada,PD0001754I
FBREP,74,PD0001754I,ENS. RUEDA GUIA CDNA ,PV01,23904,4506523995:::,PI001523,RODAMIENTO 6207 2RS L038 C3,72-0296500 - CEMEX INC.,FI,Finalizada,PD0001754I
FBREP,74,PD0001754I,ENS. RUEDA GUIA CDNA ,PV01,23904,4506523995:::,PD0001754N,SEPARADOR 3.1XØI64.5XØE71.95,72-0296500 - CEMEX INC.,FI,Finalizada,PD0001754I
FBREP,74,PD0001754I,ENS. RUEDA GUIA CDNA ,PV01,23904,4506523995:::,PI000119,CIRCLIP A-25,72-0296500 - CEMEX INC.,FI,Finalizada,PD0001754I
FBREP,74,PD0001754I,ENS. RUEDA GUIA CDNA ,PV01,23904,4506523995:::,PI000593,CIRCLIP A-35,72-0296500 - CEMEX INC.,FI,Finalizada,PD0001754I
FBREP,74,PD0001754I,ENS. RUEDA GUIA CDNA ,PV01,23904,4506523995:::,PI000368,CIRCLIP I-72,72-0296500 - CEMEX INC.,FI,Finalizada,PD0001754I
FBREP,75,PD0001754J,BUJE ØE44.45XØI25.05X59.6,PV01,23904,4506523995:::,MP000203,"4140 RDO 44,45 (1 3/4)",72-0296500 - CEMEX INC.,FI,Finalizada,PD0001754J
FBREP,76,PD0001754K,RUEDA ØE100XØI44.6X62.9,PV01,23904,4506523995:::,MP000007,"4140 RDO 101,6 (4) ",72-0296500 - CEMEX INC.,FI,Finalizada,PD0001754K
FBREP,77,PD0001754L,TAPA RUEDA ØE71.9X9,PV01,23904,4506523995:::,MP000109,"A36 LAM 4,5",72-0296500 - CEMEX INC.,FI,Finalizada,PD0001754L
FBREP,78,PD0001754M,SEPARADOR 6.5XØI64.5XØE71.95,PV01,23904,4506523995:::,MP000335,"1020 RDO 76,20 (3)",72-0296500 - CEMEX INC.,FI,Finalizada,PD0001754M
FBREP,79,PD0001754N,SEPARADOR 3.1XØI64.5XØE71.95,PV01,23904,4506523995:::,MP000335,"1020 RDO 76,20 (3)",72-0296500 - CEMEX INC.,FI,Finalizada,PD0001754N
FBREP,82,PD0001754P,SOLD. PTNA EXT PIN ADIT ANG DE,PV01,23904,4506523995:::,PD0001754O,SOLD. PTNA EXT PIN ADIT ,72-0296500 - CEMEX INC.,FI,Finalizada,PD0001754P
FBREP,82,PD0001754P,SOLD. PTNA EXT PIN ADIT ANG DE,PV01,23904,4506523995:::,PD0001754E,ANG EXT 9.5X76.2X92.1,72-0296500 - CEMEX INC.,FI,Finalizada,PD0001754P
FBREP,86,PD0001754F,PASADOR 38.1X36.15X188.1 CP,PV01,23904,4506523995:::,MP000172,"4140 RDO 38,1 (1 1/2)",72-0296500 - CEMEX INC.,CE,Cerrado,PD0001754F
FBREP,87,PD0001754I,ENS. RUEDA GUIA CDNA ,PV01,23904,4506523995:::,PD0001754Q,SELLO MACHO 4.5X60.7 BRONCE,72-0296500 - CEMEX INC.,FI,Finalizada,PD0001754I
FBREP,87,PD0001754I,ENS. RUEDA GUIA CDNA ,PV01,23904,4506523995:::,PD0001754R,SELLO HEMBRA 4X71.95 BRONCE,72-0296500 - CEMEX INC.,FI,Finalizada,PD0001754I
FBREP,87,PD0001754I,ENS. RUEDA GUIA CDNA ,PV01,23904,4506523995:::,PD0001754J,BUJE ØE44.45XØI25.05X59.6,72-0296500 - CEMEX INC.,FI,Finalizada,PD0001754I
FBREP,87,PD0001754I,ENS. RUEDA GUIA CDNA ,PV01,23904,4506523995:::,PD0001754K,RUEDA ØE100XØI44.6X62.9,72-0296500 - CEMEX INC.,FI,Finalizada,PD0001754I
FBREP,87,PD0001754I,ENS. RUEDA GUIA CDNA ,PV01,23904,4506523995:::,PD0001754M,SEPARADOR 6.5XØI64.5XØE71.95,72-0296500 - CEMEX INC.,FI,Finalizada,PD0001754I
FBREP,87,PD0001754I,ENS. RUEDA GUIA CDNA ,PV01,23904,4506523995:::,PI001523,RODAMIENTO 6207 2RS L038 C3,72-0296500 - CEMEX INC.,FI,Finalizada,PD0001754I
FBREP,87,PD0001754I,ENS. RUEDA GUIA CDNA ,PV01,23904,4506523995:::,PD0001754N,SEPARADOR 3.1XØI64.5XØE71.95,72-0296500 - CEMEX INC.,FI,Finalizada,PD0001754I
FBREP,87,PD0001754I,ENS. RUEDA GUIA CDNA ,PV01,23904,4506523995:::,PI000119,CIRCLIP A-25,72-0296500 - CEMEX INC.,FI,Finalizada,PD0001754I
FBREP,87,PD0001754I,ENS. RUEDA GUIA CDNA ,PV01,23904,4506523995:::,PI000593,CIRCLIP A-35,72-0296500 - CEMEX INC.,FI,Finalizada,PD0001754I
FBREP,87,PD0001754I,ENS. RUEDA GUIA CDNA ,PV01,23904,4506523995:::,PI000368,CIRCLIP I-72,72-0296500 - CEMEX INC.,FI,Finalizada,PD0001754I
FBREP,87,PD0001754I,ENS. RUEDA GUIA CDNA ,PV01,23904,4506523995:::,PD0001754T,TOPE RUEDA 5.8X31.2 ,72-0296500 - CEMEX INC.,FI,Finalizada,PD0001754I
FBREP,87,PD0001754I,ENS. RUEDA GUIA CDNA ,PV01,23904,4506523995:::,PD0001754U,TAPA RUEDA ØE71.9XØI40X12.3,72-0296500 - CEMEX INC.,FI,Finalizada,PD0001754I
FBREP,88,PD0001754V,PASADOR 38.1X36.15X186.8 CP/PERF,PV01,23904,4506523995::: ,MP000172,"4140 RDO 38,1 (1 1/2)",72-0296500 - CEMEX INC.,FI,Finalizada,PD0001754V
FBREP,89,1ACI050002,FLIGHT WING 9185-2184 2C ADIT-A42,PV01,24114,,PI000967,FLIGHT WING CDNA 2184/9185 2C ,20132377783- - AGROINDUSTRIAL LAREDO S.A.A,FI,Finalizada,1ACI050002
